ds,yhat
2020-01-02,73.3298277092904
2020-01-03,73.19086046571344
2020-01-06,72.72324005249445
2020-01-07,72.68862867654438
2020-01-08,72.54401885263815
2020-01-09,72.3350840234094
2020-01-10,72.31859789504061
2020-01-13,72.35169679649391
2020-01-14,72.5196384421626
2020-01-15,72.5901874764051
2020-01-16,72.60548204715906
2020-01-17,72.81856155299604
2020-01-20,73.53324108158378
2020-01-21,73.9127822652482
2020-01-22,74.18064869258586
2020-01-23,74.375290854348
2020-01-24,74.74627854388574
2020-01-27,75.77575258204953
2020-01-28,76.19895503205575
2020-01-29,76.47674675026306
2020-01-30,76.64641445831717
2020-01-31,76.95686219411854
2020-02-03,77.59238260546371
2020-02-04,77.81642561627115
2020-02-05,77.86386667726107
2020-02-06,77.77434785772739
2020-02-07,77.79956733916296
2020-02-10,77.45685118941357
2020-02-11,77.32678807847357
2020-02-12,77.01312917820984
2020-02-13,76.55997007112862
2020-02-14,76.22353606545573
2020-02-17,74.85279355928947
2020-02-18,74.41349800039603
2020-02-19,73.81407025950733
2020-02-20,73.10223167093103
2020-02-21,72.53747706231611
2020-02-24,70.69030733870487
2020-02-25,70.16813860686159
2020-02-26,69.52573390990472
2020-02-27,68.81116340723031
2020-02-28,68.28372218011415
2020-03-02,66.77868891537105
2020-03-03,66.4413769584504
2020-03-04,66.01509376337806
2020-03-05,65.5448004863845
2020-03-06,65.28633453105252
2020-03-09,64.6978213947705
2020-03-10,64.68878483613638
2020-03-11,64.59506631396661
2020-03-12,64.45738394049813
2020-03-13,64.52743644372966
2020-03-16,64.8614433299337
2020-03-17,65.127451475115
2020-03-18,65.28768811669269
2020-03-19,65.38056418158459
2020-03-20,65.65592072432915
2020-03-23,66.44284071631063
2020-03-24,66.80406640786543
2020-03-25,67.03211081191843
2020-03-26,67.1663318505035
2020-03-27,67.45792039822955
2020-03-30,68.16152406548468
2020-03-31,68.45857340087996
2020-04-01,68.60853649611663
2020-04-02,68.6535255401991
2020-04-03,68.84751964772238
2020-04-06,69.23534680629952
2020-04-07,69.42792533546874
2020-04-08,69.47756801150595
2020-04-09,69.42827589408735
2020-04-10,69.53563120710442
2020-04-13,69.72077607291202
2020-04-14,69.86706947721817
2020-04-15,69.88138101656787
2020-04-16,69.8074626103229
2020-04-17,69.90038837778334
2020-04-20,70.0951651654545
2020-04-21,70.2587706485783
2020-04-22,70.29543249316106
2020-04-23,70.24764209461425
2020-04-24,70.36923864253843
2020-04-27,70.65414934994098
2020-04-28,70.84610493719455
2020-04-29,70.90915189093063
2020-04-30,70.88540037505737
2020-05-01,71.02851521600684
2020-05-04,71.36417720872801
2020-05-05,71.56983342914508
2020-05-06,71.6460701025987
2020-05-07,71.63584335958869
2020-05-08,71.7937439408491
2020-05-11,72.19102150303473
2020-05-12,72.42608146494521
2020-05-13,72.53752367164284
2020-05-14,72.56894327640914
2020-05-15,72.77540847512843
2020-05-18,73.36182319662035
2020-05-19,73.67402709388953
2020-05-20,73.86894875499509
2020-05-21,73.98945650443856
2020-05-22,74.28971516750303
2020-05-25,75.174615570592
2020-05-26,75.58784195682122
2020-05-27,75.8823631921148
2020-05-28,76.09976253529993
2020-05-29,76.49299643655385
2020-06-01,77.62322111876308
2020-06-02,78.10455794542153
2020-06-03,78.4596757872133
2020-06-04,78.73012015287695
2020-06-05,79.16907079011118
2020-06-08,80.39854061677887
2020-06-09,80.90351627110446
2020-06-10,81.27964165107053
2020-06-11,81.56993735407096
2020-06-12,82.02914346885915
2020-06-15,83.33759905188569
2020-06-16,83.8799214089694
2020-06-17,84.30102245638903
2020-06-18,84.64487295339131
2020-06-19,85.1668826941308
2020-06-22,86.72096930514921
2020-06-23,87.36298650337787
2020-06-24,87.89110658658237
2020-06-25,88.34778069675902
2020-06-26,88.98654436983637
2020-06-29,90.89116871705002
2020-06-30,91.64118083591141
2020-07-01,92.26802644959763
2020-07-02,92.8111755936589
2020-07-03,93.52124119279456
2020-07-06,95.52207479309816
2020-07-07,96.25744518814795
2020-07-08,96.84351276734307
2020-07-09,97.31878891627512
2020-07-10,97.93347309070022
2020-07-13,99.48781849579716
2020-07-14,100.02551937595015
2020-07-15,100.39329755474176
2020-07-16,100.6327857679583
2020-07-17,100.99780006699253
2020-07-20,101.76197385526768
2020-07-21,102.03799739727349
2020-07-22,102.15302493778921
2020-07-23,102.15351955695573
2020-07-24,102.29796439279917
2020-07-27,102.55289011592866
2020-07-28,102.72164847585283
2020-07-29,102.76500839101493
2020-07-30,102.73099853846887
2020-07-31,102.87888767576084
2020-08-03,103.36735657864278
2020-08-04,103.68271771662724
2020-08-05,103.9022243749837
2020-08-06,104.0698927660761
2020-08-07,104.44033327666772
2020-08-10,105.66741093907866
2020-08-11,106.23274699250351
2020-08-12,106.69371838378379
2020-08-13,107.08810849411941
2020-08-14,107.66448821872568
2020-08-17,109.3299555832065
2020-08-18,109.96610754511698
2020-08-19,110.45423032898792
2020-08-20,110.82973491351794
2020-08-21,111.3397330237597
2020-08-24,112.52088421387475
2020-08-25,112.89428334608095
2020-08-26,113.07923755754311
2020-08-27,113.1152931913159
2020-08-28,113.25445823342906
2020-08-31,113.19302272582729
2020-09-01,113.14154362540404
2020-09-02,112.90224620829062
2020-09-03,112.521666681164
2020-09-04,112.2586703459947
2020-09-07,111.1413051466856
2020-09-08,110.8067687935714
2020-09-09,110.32660263901069
2020-09-10,109.75080598870896
2020-09-11,109.34082897529336
2020-09-14,108.08385536129613
2020-09-15,107.80249026880455
2020-09-16,107.4226879718925
2020-09-17,106.99156684547766
2020-09-18,106.76693399486784
2020-09-21,106.26408062071664
2020-09-22,106.28239888530578
2020-09-23,106.21678439191608
2020-09-24,106.10835237506481
2020-09-25,106.20894106907568
2020-09-28,106.64029178659526
2020-09-29,106.93908619507876
2020-09-30,107.13115794031935
2020-10-01,107.25412573426563
2020-10-02,107.55701316167074
2020-10-05,108.4033924339604
2020-10-06,108.77451041488294
2020-10-07,109.00666365955523
2020-10-08,109.13894009199362
2020-10-09,109.42243168266087
2020-10-12,110.06657125543265
2020-10-13,110.33357107084794
2020-10-14,110.4495569762053
2020-10-15,110.45759202627262
2020-10-16,110.61274277845261
2020-10-19,110.88519235558427
2020-10-20,111.0442371945075
2020-10-21,111.04944516346758
2020-10-22,110.96199795297422
2020-10-23,111.0388957738091
2020-10-26,111.19228416816135
2020-10-27,111.35197128270022
2020-10-28,111.3934858911537
2020-10-29,111.36150880542102
2020-10-30,111.51192371029036
2020-11-02,111.97867491458328
2020-11-03,112.2675436164142
2020-11-04,112.44717103425309
2020-11-05,112.56010053446785
2020-11-06,112.86010111581517
2020-11-09,113.78384680062094
2020-11-10,114.22188349078507
2020-11-11,114.54659457872037
2020-11-12,114.79933225615383
2020-11-13,115.23289278849458
2020-11-16,116.51328905235046
2020-11-17,117.05432320136356
2020-11-18,117.47389651298037
2020-11-19,117.81343751117399
2020-11-20,118.32590366706307
2020-11-23,119.79783222051422
2020-11-24,120.38835821722672
2020-11-25,120.85048912927421
2020-11-26,121.22568032415455
2020-11-27,121.76681196650571
2020-11-30,123.28030565001146
2020-12-01,123.86844527451217
2020-12-02,124.31908358658544
2020-12-03,124.67295383506729
2020-12-04,125.18215749203164
2020-12-07,126.52819668033807
2020-12-08,127.03410063852365
2020-12-09,127.3882273057168
2020-12-10,127.63086129755797
2020-12-11,128.01383029000388
2020-12-14,128.8916664669487
2020-12-15,129.21307212609477
2020-12-16,129.36986188524065
2020-12-17,129.40356830754115
2020-12-18,129.5675469070075
2020-12-21,129.74724898696053
2020-12-22,129.8297873203233
2020-12-23,129.74888907315918
2020-12-24,129.54884693287391
2020-12-25,129.48585209548514
2020-12-28,129.0537320584352
2020-12-29,128.9645114982174
2020-12-30,128.7321694907044
2020-12-31,128.40321588009692
2021-01-01,128.235780547551
2021-01-04,127.65151254191197
2021-01-05,127.56816655877267
2021-01-06,127.37038044271236
2021-01-07,127.10423400173579
2021-01-08,127.02697779437545
2021-01-11,126.86209727400498
2021-01-12,126.96096283137229
2021-01-13,126.96205424378219
2021-01-14,126.90823768180945
2021-01-15,127.05328648730303
2021-01-18,127.57754666119114
2021-01-19,127.9004409156557
2021-01-20,128.11610616357373
2021-01-21,128.26353050633026
2021-01-22,128.5927541165131
2021-01-25,129.53319920360497
2021-01-26,129.93956502190989
2021-01-27,130.20708728701126
2021-01-28,130.3729990517353
2021-01-29,130.68605531399004
2021-02-01,131.36470656249827
2021-02-02,131.6134966401576
2021-02-03,131.68997085441782
2021-02-04,131.63312681943395
2021-02-05,131.693960123443
2021-02-08,131.46803170771565
2021-02-09,131.37750627456035
2021-02-10,131.10230400382534
2021-02-11,130.68569523215467
2021-02-12,130.38310068881336
2021-02-15,129.0900259800492
2021-02-16,128.66646265857614
2021-02-17,128.07673459787168
2021-02-18,127.36810769142046
2021-02-19,126.79970932969539
2021-02-22,124.89822585315099
2021-02-23,124.34323782160519
2021-02-24,123.66078104243834
2021-02-25,122.89914902215473
2021-02-26,122.31795479145484
2021-03-01,120.61599253216467
2021-03-02,120.20301976209718
2021-03-03,119.6971623307493
2021-03-04,119.1441110840359
2021-03-05,118.80046537093911
2021-03-08,117.94972438263001
2021-03-09,117.85364883020505
2021-03-10,117.6743256682676
2021-03-11,117.45316717008627
2021-03-12,117.44251401471432
2021-03-15,117.55646954638149
2021-03-16,117.7579187779234
2021-03-17,117.85850216214816
2021-03-18,117.89680450031547
2021-03-19,118.12275109440611
2021-03-22,118.79195747667467
2021-03-23,119.12355259447932
2021-03-24,119.32630353088544
2021-03-25,119.43919380406078
2021-03-26,119.71298963351174
2021-03-29,120.37966135596407
2021-03-30,120.66818618917323
2021-03-31,120.81065770395594
2021-04-01,120.84868732840124
2021-04-02,121.0357777510157
2021-04-05,121.39901044662808
2021-04-06,121.58092226278835
2021-04-07,121.61821144716652
2021-04-08,121.55469536650787
2021-04-09,121.64583295419713
2021-04-12,121.77000990936682
2021-04-13,121.8920302307309
2021-04-14,121.81460463373818
2021-04-15,121.64734636583006
2021-04-16,121.64553430856726
2021-04-19,121.55001466687492
2021-04-20,121.61562252486267
2021-04-21,121.55405358318781
2021-04-22,121.40800430262703
2021-04-23,121.431493321263
2021-04-26,121.42429729878718
2021-04-27,121.51987328738855
2021-04-28,121.48706253733009
2021-04-29,121.36793327551918
2021-04-30,121.41607216641206
2021-05-03,121.4679753902135
2021-05-04,121.57890440132913
2021-05-05,121.56004151081743
2021-05-06,121.45415426372395
2021-05-07,121.5156498847241
2021-05-10,121.61763208464109
2021-05-11,121.75181310839002
2021-05-12,121.761019776267
2021-05-13,121.68882195406437
2021-05-14,121.79030222930399
2021-05-17,122.05430086799836
2021-05-18,122.25698249241901
2021-05-19,122.34165818263472
2021-05-20,122.35141672471556
2021-05-21,122.54066114191843
2021-05-24,123.09342153463172
2021-05-25,123.39704835325252
2021-05-26,123.58289647461282
2021-05-27,123.69273287297413
2021-05-28,123.97966286864022
2021-05-31,124.79938707613432
2021-06-01,125.18007797934317
2021-06-02,125.43587907114056
2021-06-03,125.608204176941
2021-06-04,125.9500563987649
2021-06-07,126.89202381813976
2021-06-08,127.30151262860907
2021-06-09,127.58182637608948
2021-06-10,127.77568294068203
2021-06-11,128.13753177165842
2021-06-14,129.14590034194467
2021-06-15,129.5848889908541
2021-06-16,129.90081928446557
2021-06-17,130.13764521056146
2021-06-18,130.5508295917467
2021-06-21,131.7692543069714
2021-06-22,132.29721943549126
2021-06-23,132.71081983140328
2021-06-24,133.0529618004768
2021-06-25,133.57768097893458
2021-06-28,135.14852461945333
2021-06-29,135.7919173424081
2021-06-30,136.31536491314478
2021-07-01,136.7588297795686
2021-07-02,137.37336427803768
2021-07-05,139.11583618461273
2021-07-06,139.7751576132279
2021-07-07,140.29028828291612
2021-07-08,140.6996193915644
2021-07-09,141.25311540805345
2021-07-12,142.6484005705958
2021-07-13,143.1393796401347
2021-07-14,143.4624203030442
2021-07-15,143.65834495009705
2021-07-16,143.98010693550722
2021-07-19,144.60736979451087
2021-07-20,144.83237368599984
2021-07-21,144.89226854574906
2021-07-22,144.83275412008285
2021-07-23,144.91163742007205
2021-07-26,144.93146767897625
2021-07-27,145.0080118707489
2021-07-28,144.95207334219572
2021-07-29,144.81181570623596
2021-07-30,144.8467988693747
2021-08-02,144.9617663839781
2021-08-03,145.1434435126215
2021-08-04,145.2261778198676
2021-08-05,145.25503011492864
2021-08-06,145.48572156117177
2021-08-09,146.31814474900804
2021-08-10,146.75779070066204
2021-08-11,147.09783922980216
2021-08-12,147.37706804322352
2021-08-13,147.8449383731253
2021-08-16,149.2317205061829
2021-08-17,149.79213361241156
2021-08-18,150.21344188679603
2021-08-19,150.53099514160462
2021-08-20,150.99166248596836
2021-08-23,152.0715017752396
2021-08-24,152.43523717108445
2021-08-25,152.61547524398202
2021-08-26,152.6506375479839
2021-08-27,152.79152490494724
2021-08-30,152.73817083500828
2021-08-31,152.68604550903808
2021-09-01,152.44234284819038
2021-09-02,152.05243951294815
2021-09-03,151.77413712685274
2021-09-06,150.5661846247498
2021-09-07,150.1843721765675
2021-09-08,149.6477035063104
2021-09-09,149.00602655463695
2021-09-10,148.52081662161544
2021-09-13,146.9848405107331
2021-09-14,146.59443497998345
2021-09-15,146.09878576480966
2021-09-16,145.54591311196506
2021-09-17,145.19461394669085
2021-09-20,144.29301818087237
2021-09-21,144.17587490186327
2021-09-22,143.9753528728888
2021-09-23,143.73360329848487
2021-09-24,143.70343096136617
2021-09-27,143.7660970373146
2021-09-28,143.95204920784005
2021-09-29,144.03707941614724
2021-09-30,144.05906694208846
2021-10-01,144.26715729157672
2021-10-04,144.8654525899953
2021-10-05,145.1650933259789
2021-10-06,145.40398512292546
2021-10-07,145.54732541408953
2021-10-08,145.8455697645804
2021-10-11,146.54904958764092
2021-10-12,146.83839928376022
2021-10-13,146.97679766806704
2021-10-14,147.00661222262733
2021-10-15,147.1822595204315
2021-10-18,147.50293249165642
2021-10-19,147.67214776481896
2021-10-20,147.69978250828197
2021-10-21,147.6310905734294
2021-10-22,147.72297312695417
2021-10-25,147.89895739309992
2021-10-26,148.05919061460816
2021-10-27,148.09815418829763
2021-10-28,148.0608443352935
2021-10-29,148.20349767862882
2021-11-01,148.63625686973197
2021-11-02,148.9115523125868
2021-11-03,149.07713296587534
2021-11-04,149.17590326832817
2021-11-05,149.46196475291447
2021-11-08,150.34800573323506
2021-11-09,150.77557644251036
2021-11-10,151.0911348695906
2021-11-11,151.3361300628689
2021-11-12,151.7634183485068
2021-11-15,153.03395782667843
2021-11-16,153.5746223068997
2021-11-17,153.99521095655425
2021-11-18,154.33709904706933
2021-11-19,154.85319302851266
2021-11-22,156.34332613756993
2021-11-23,156.94231965727258
2021-11-24,157.4141486234461
2021-11-25,157.8003216122146
2021-11-26,158.35379558961645
2021-11-29,159.91356813684465
2021-11-30,160.52066651628104
2021-12-01,160.9922817774987
2021-12-02,161.3693036583317
2021-12-03,161.9039850216477
2021-12-06,163.3417107494831
2021-12-07,163.88357485117825
2021-12-08,164.27643597749184
2021-12-09,164.56056339618527
2021-12-10,164.98772269545458
2021-12-13,166.0129285226942
2021-12-14,166.38766637882537
2021-12-15,166.59940063931916
2021-12-16,166.6892948662081
2021-12-17,166.91029183726423
2021-12-20,167.26137055208815
2021-12-21,167.39946001242726
2021-12-22,167.37245017018856
2021-12-23,167.22410680408373
2021-12-24,167.21010667122175
2021-12-27,166.90399435316667
2021-12-28,166.8483970941601
2021-12-29,166.64492423063197
2021-12-30,166.33984058589863
2021-12-31,166.19110251554423
2022-01-03,165.63132136178152
2022-01-04,165.54582082191087
2022-01-05,165.3410374636485
2022-01-06,165.06336215927467
2022-01-07,164.97043334295606
2022-01-10,164.73859173551514
2022-01-11,164.81042706172434
2022-01-12,164.78322198714713
2022-01-13,164.70054763933726
2022-01-14,164.81690214665034
2022-01-17,165.2633713038859
2022-01-18,165.56547794042172
2022-01-19,165.76404811153105
2022-01-20,165.89867922045838
2022-01-21,166.2199645331438
2022-01-24,167.17023132567107
2022-01-25,167.59219347013547
2022-01-26,167.88181234555188
2022-01-27,168.0763863835833
2022-01-28,168.42464081137143
2022-01-31,169.2463791977502
2022-02-01,169.55432744269532
2022-02-02,169.69495633144908
2022-02-03,169.70670402795673
2022-02-04,169.83993762120747
2022-02-07,169.84692786066722
2022-02-08,169.83669090870208
2022-02-09,169.64173850116532
2022-02-10,169.3045066892305
2022-02-11,169.07958764893112
2022-02-14,168.00147301387918
2022-02-15,167.641052687156
2022-02-16,167.10911770555623
2022-02-17,166.45237816678997
2022-02-18,165.92948502702131
2022-02-21,164.12278980953263
2022-02-22,163.584821089585
2022-02-23,162.91201019458174
2022-02-24,162.1527506895838
2022-02-25,161.56685466181324
2022-02-28,159.8117362564831
2022-03-01,159.3695870916029
2022-03-02,158.82979108659583
2022-03-03,158.2387118638126
2022-03-04,157.8536685215879
2022-03-07,156.86616951280013
2022-03-08,156.72293518855372
2022-03-09,156.49696281071127
2022-03-10,156.2304089819555
2022-03-11,156.17631996524815
2022-03-14,156.17797780268583
2022-03-15,156.34975083258496
2022-03-16,156.4252213181673
2022-03-17,156.4432589700865
2022-03-18,156.65398534959343
2022-03-21,157.3084217885965
2022-03-22,157.64516498415568
2022-03-23,157.85778415813252
2022-03-24,157.9849643978989
2022-03-25,158.27711159192754
2022-03-28,159.0188729801182
2022-03-29,159.33749171648714
2022-03-30,159.19521336925706
2022-03-31,158.94965390510586
2022-04-01,158.85381068113222
2022-04-04,158.3675052902661
2022-04-05,158.26462301392124
2022-04-06,158.015744491672
2022-04-07,157.66442922512348
2022-04-08,157.46593742133444
2022-04-11,156.70915933953776
2022-04-12,156.53343510938515
2022-04-13,156.22200279549276
2022-04-14,155.818920262138
2022-04-15,155.57963418544486
2022-04-18,154.7638819819251
2022-04-19,154.58758421623853
2022-04-20,154.28359377411925
2022-04-21,153.8948352783302
2022-04-22,153.67553789217598
2022-04-25,152.9412306353206
2022-04-26,152.79525777682144
2022-04-27,152.52141823893902
2022-04-28,152.1617866781656
2022-04-29,151.9699172313001
2022-05-02,151.30390154206253
2022-05-03,151.17579096339728
2022-05-04,150.9177480088955
2022-05-05,150.57235543665107
2022-05-06,150.39383174434215
2022-05-09,149.77087627345162
2022-05-10,149.66126482347036
2022-05-11,149.42540670251472
2022-05-12,149.10679980927304
2022-05-13,148.9604917824108
2022-05-16,148.47309487714244
2022-05-17,148.42291482945373
2022-05-18,148.25376433876573
2022-05-19,148.00892143883055
2022-05-20,147.94300413135315
2022-05-23,147.72931605494932
2022-05-24,147.77796944248394
2022-05-25,147.70950199026476
2022-05-26,147.56589864468174
2022-05-27,147.602578046685
2022-05-30,147.67933511587694
2022-05-31,147.81521221585058
2022-06-01,147.8276254210178
2022-06-02,147.75791730594867
2022-06-03,147.85897108289296
2022-06-06,148.08409185573046
2022-06-07,148.2556780024219
2022-06-08,148.29814370731083
2022-06-09,148.2539037701842
2022-06-10,148.37710354288492
2022-06-13,148.66337338720933
2022-06-14,148.85880746950178
2022-06-15,148.92945821317198
2022-06-16,148.9191821508739
2022-06-17,149.08340852189076
2022-06-20,149.54453665569352
2022-06-21,149.81719570074398
2022-06-22,149.97453113226243
2022-06-23,150.0598349185311
2022-06-24,150.32758505024617
2022-06-27,151.13180536648386
2022-06-28,151.52290644687062
2022-06-29,151.7966163098486
2022-06-30,151.99343516343137
2022-07-01,152.36491871099605
2022-07-04,153.40401691023797
2022-07-05,153.83850683979247
2022-07-06,154.13391032208958
2022-07-07,154.3286385961228
2022-07-08,154.67256442158194
2022-07-11,155.46670260009506
2022-07-12,155.76505134730945
2022-07-13,155.898360515379
2022-07-14,155.9067304030643
2022-07-15,156.04231974674667
2022-07-18,156.11066978149478
2022-07-19,156.14622555638456
2022-07-20,156.01360662958538
2022-07-21,155.75766761743674
2022-07-22,155.63543335397085
2022-07-25,155.19714133156143
2022-07-26,155.10783998771748
2022-07-27,154.87902152724573
2022-07-28,154.55879037510016
2022-07-29,154.40680226289558
2022-08-01,153.92215737254966
2022-08-02,153.8929050188239
2022-08-03,153.76044118882473
2022-08-04,153.57075874923385
2022-08-05,153.58060349208807
2022-08-08,153.72921252288393
2022-08-09,153.94389908144598
2022-08-10,154.0624008292827
2022-08-11,154.12458787643075
2022-08-12,154.38093832317293
2022-08-15,155.17485904680356
2022-08-16,155.55373725765745
2022-08-17,155.80225703300982
2022-08-18,155.95593301728775
2022-08-19,156.26161863142016
2022-08-22,156.9270229494774
2022-08-23,157.16763088177657
2022-08-24,157.23094442072983
2022-08-25,157.15439537401096
2022-08-26,157.18768404143535
2022-08-29,156.82402757478
2022-08-30,156.6683558849643
2022-08-31,156.318896503786
2022-09-01,155.81977961281325
2022-09-02,155.42762687982784
2022-09-05,153.83998399420892
2022-09-06,153.31608831559004
2022-09-07,152.62854581892927
2022-09-08,151.82683403123144
2022-09-09,151.17223273505334
2022-09-12,149.0726226086217
2022-09-13,148.47692569153185
2022-09-14,147.7682062515554
2022-09-15,146.99524763045267
2022-09-16,146.41772333852407
2022-09-19,144.8106500267359
2022-09-20,144.45302244315386
2022-09-21,144.01120845901053
2022-09-22,143.52845342591797
2022-09-23,143.25861236641634
2022-09-26,142.61971686204691
2022-09-27,142.5802919821315
2022-09-28,142.445226689853
2022-09-29,142.252832635932
2022-09-30,142.25255055283566
2022-10-03,142.2626667731374
2022-10-04,142.37818985338455
2022-10-05,142.36511877175784
2022-10-06,142.26151716228247
2022-10-07,142.31729377659096
2022-10-10,142.3137418725282
2022-10-11,142.371831066305
2022-10-12,142.27994348614533
2022-10-13,142.07971407014463
2022-10-14,142.02485456677746
2022-10-17,141.644890419436
2022-10-18,141.57572527743812
2022-10-19,141.3618543129667
2022-10-20,141.04823322128905
2022-10-21,140.89155361490467
2022-10-24,140.29927224893711
2022-10-25,140.1960443712284
2022-10-26,139.96812419816268
2022-10-27,139.66076171262367
2022-10-28,139.5304979016672
2022-10-31,139.1309004188703
2022-11-01,139.12550652554347
2022-11-02,139.00944341003506
2022-11-03,138.8260024851143
2022-11-04,138.82965247130255
2022-11-07,138.87049133374222
2022-11-08,139.0179032907446
2022-11-09,139.05443913358334
2022-11-10,139.02169473078683
2022-11-11,139.1726329662698
2022-11-14,139.6229840299145
2022-11-15,139.8932310879802
2022-11-16,140.04484779211072
2022-11-17,140.11916190375342
2022-11-18,140.36902700460587
2022-11-21,141.06806038779035
2022-11-22,141.4057741543675
2022-11-23,141.61752053350332
2022-11-24,141.74483188229704
2022-11-25,142.04071242352762
2022-11-28,142.83613549379209
2022-11-29,143.19163948124182
2022-11-30,143.41348538293713
2022-12-01,143.542716932027
2022-12-02,143.83174374072527
2022-12-05,144.54679612194707
2022-12-06,144.85294708548813
2022-12-07,145.01282944143043
2022-12-08,145.0667494198891
2022-12-09,145.26646831473533
2022-12-12,145.62520571288005
2022-12-13,145.78256691364152
2022-12-14,145.77893016986704
2022-12-15,145.65515058308966
2022-12-16,145.66381358400946
2022-12-19,145.38171401407445
2022-12-20,145.30844079008656
2022-12-21,145.06906685284943
2022-12-22,144.70682919600173
2022-12-23,144.47687608413574
2022-12-26,143.5054769150559
2022-12-27,143.2207541026515
2022-12-28,142.78379893764372
2022-12-29,142.240550569196
2022-12-30,141.8487033687313
2023-01-02,140.52838975787193
2023-01-03,140.17885479587247
2023-01-04,139.70491875377098
2023-01-05,139.1531827601042
2023-01-06,138.78157650446215
2023-01-09,137.6900533234534
2023-01-10,137.46913708406336
2023-01-11,137.14707709826104
2023-01-12,136.76810970599925
2023-01-13,136.5874313460483
2023-01-16,137.83414666050908
2023-01-17,138.4063715000831
2023-01-18,138.87792665347433
2023-01-19,139.28907530388165
2023-01-20,139.89103257724153
2023-01-23,141.7135987444162
2023-01-24,142.43786065277234
2023-01-25,143.03606686405334
2023-01-26,143.54569748607568
2023-01-27,144.21556669150092
2023-01-30,146.04096280340403
2023-01-31,146.6957491861495
2023-02-01,147.188803532712
2023-02-02,147.55810135787976
2023-02-03,148.05346878665108
2023-02-06,149.16793861890054
2023-02-07,149.53147086257104
2023-02-08,149.71128170864006
2023-02-09,149.74898259296938
2023-02-10,149.89833184860046
2023-02-13,149.93081001028986
2023-02-14,149.93389530315898
2023-02-15,149.76090972674064
2023-02-16,149.45792008530233
2023-02-17,149.28300294304833
2023-02-20,148.4810524876296
2023-02-21,148.26387134256888
2023-02-22,147.90449126485075
2023-02-23,147.45127984421646
2023-02-24,147.1641241405837
2023-02-27,146.26360450249237
2023-02-28,146.09365285626131
2023-03-01,145.82053386869745
2023-03-02,145.49120993213077
2023-03-03,145.36365943391755
2023-03-06,145.1303342355021
2023-03-07,145.23495529990765
2023-03-08,145.25638080689367
2023-03-09,145.23754363613153
2023-03-10,145.43224226862594
2023-03-13,146.19360710184395
2023-03-14,146.62509531665205
2023-03-15,146.96436774218924
2023-03-16,147.2506858371096
2023-03-17,147.73447787916052
2023-03-20,149.2385609441743
2023-03-21,149.8688040561943
2023-03-22,150.37991698028046
2023-03-23,150.81037508366288
2023-03-24,151.4103026193652
2023-03-27,153.09869753250655
2023-03-28,153.73914884223163
2023-03-29,154.23754974913857
2023-03-30,154.6344774453137
2023-03-31,155.18241075228823
2023-04-03,156.6301853904285
2023-04-04,157.1713856917343
2023-04-05,157.5656172953294
2023-04-06,157.8561119586754
2023-04-07,158.29785760864203
2023-04-10,159.45052116913632
2023-04-11,159.9072082376572
2023-04-12,160.22614117913542
2023-04-13,160.45145086037527
2023-04-14,160.8387031643605
2023-04-17,161.89318727371253
2023-04-18,162.33788722205176
2023-04-19,162.65407978454994
2023-04-20,162.88492946043795
2023-04-21,163.28489687132867
2023-04-24,164.4083607674073
2023-04-25,164.88218115859513
2023-04-26,165.22859104902233
2023-04-27,165.48972116083743
2023-04-28,165.91914197330578
2023-05-01,167.11975465064234
2023-05-02,167.61446027070826
2023-05-03,167.97930773868188
2023-05-04,168.25670986051486
2023-05-05,168.7007024476949
2023-05-08,169.94175566797531
2023-05-09,170.45171291124424
2023-05-10,170.83428775609744
2023-05-11,170.65529998066452
2023-05-12,170.6472814274179
2023-05-15,170.5665259990239
2023-05-16,170.6492660044223
2023-05-17,170.61187870317204
2023-05-18,170.49779184080455
2023-05-19,170.56180535958518
2023-05-22,170.73514807230538
2023-05-23,170.91269829432764
2023-05-24,170.97348711705996
2023-05-25,170.95974012402684
2023-05-26,171.12497753806193
2023-05-29,171.59417276296244
2023-05-30,171.86354320624585
2023-05-31,172.01089476121308
2023-06-01,172.0775609571243
2023-06-02,172.3163661553053
2023-06-05,172.9616948777635
2023-06-06,173.27501547593903
2023-06-07,173.45963251877882
2023-06-08,173.5576729683027
2023-06-09,173.8229809330801
2023-06-12,174.5315387098677
2023-06-13,174.86546482582546
2023-06-14,175.07308408893033
2023-06-15,175.19808516691836
2023-06-16,175.4957848468843
2023-06-19,176.34635149089786
2023-06-20,176.74546139386385
2023-06-21,177.02789730470968
2023-06-22,177.23725602658556
2023-06-23,177.62838582737464
2023-06-26,178.80322260138172
2023-06-27,179.31973755688372
2023-06-28,179.720717845591
2023-06-29,180.04722302953894
2023-06-30,180.55135279350029
2023-07-03,182.01104002388968
2023-07-04,182.59462149684512
2023-07-05,183.0440470965329
2023-07-06,183.39787990670655
2023-07-07,183.90603991969695
2023-07-10,185.02860824282794
2023-07-11,185.4453190558938
2023-07-12,185.70066911786031
2023-07-13,185.83414626077933
2023-07-14,186.0972074922328
2023-07-17,186.55409538572687
2023-07-18,186.71828290513557
2023-07-19,186.71234370729772
2023-07-20,186.58023748355518
2023-07-21,186.57813137803538
2023-07-24,186.29054002322036
2023-07-25,186.23946359671044
2023-07-26,186.04211989441444
2023-07-27,185.7463676252057
2023-07-28,185.6117652082751
2023-07-31,185.13806702735226
2023-08-01,185.09994972098997
2023-08-02,184.95334525470184
2023-08-03,184.74503719571322
2023-08-04,184.73267726355516
2023-08-07,184.80359477843115
2023-08-08,184.99245193330245
2023-08-09,185.08710240327196
2023-08-10,185.12856871629316
2023-08-11,185.36843649155907
2023-08-14,186.14823101431523
2023-08-15,186.5369235265542
2023-08-16,186.803552317322
2023-08-17,186.98401481854802
2023-08-18,187.3253737587348
2023-08-21,188.1505086645069
2023-08-22,188.4608286756453
2023-08-23,188.60110833731298
2023-08-24,188.60795606068072
2023-08-25,188.73011333157547
2023-08-28,188.65469850784905
2023-08-29,188.59821423063858
2023-08-30,188.34734494282947
2023-08-31,187.94492686702472
2023-09-01,187.64632246192065
2023-09-04,186.30887748261188
2023-09-05,185.85489287219264
2023-09-06,185.30328643867145
2023-09-07,184.6288394764655
2023-09-08,184.09241835682718
2023-09-11,182.29132718120547
2023-09-12,181.77683309639133
2023-09-13,181.1407706949654
2023-09-14,180.43251940602056
2023-09-15,179.91248454287444
2023-09-18,178.44354345125655
2023-09-19,178.12391034892386
2023-09-20,177.7178875256539
2023-09-21,177.2698381625981
2023-09-22,177.03471900625289
2023-09-25,176.51040179730566
2023-09-26,176.51570643857454
2023-09-27,176.42992645624636
2023-09-28,176.29197022952786
2023-09-29,176.35174452701153
2023-10-02,176.5783466397732
2023-10-03,176.7783186191399
2023-10-04,176.85560011428413
2023-10-05,176.84792834705817
2023-10-06,177.00477911277912
2023-10-09,177.32968425912716
2023-10-10,177.50347133266547
2023-10-11,177.52918666100788
2023-10-12,177.44772033098465
2023-10-13,177.5120470420749
2023-10-16,177.48525554846384
2023-10-17,177.5302894203129
2023-10-18,177.42798583932154
2023-10-19,177.22289500886382
2023-10-20,177.17138849620585
2023-10-23,176.8726079508397
2023-10-24,176.8596846614546
2023-10-25,176.7184150979278
2023-10-26,176.49422619863708
2023-10-27,176.44389851010314
2023-10-30,176.26781481130186
2023-10-31,176.33270863472094
2023-11-01,176.28548006032497
2023-11-02,176.16983161444034
2023-11-03,176.24061142566964
2023-11-06,176.48245981290802
2023-11-07,176.6977972302758
2023-11-08,176.80315260375917
2023-11-09,176.8403207138315
2023-11-10,177.06242159589024
2023-11-13,177.73473711237892
2023-11-14,178.08194595426187
2023-11-15,178.31201218747447
2023-11-16,178.46623160760376
2023-11-17,178.79741259903335
2023-11-20,179.74833810892056
2023-11-21,180.17251018217388
2023-11-22,180.47191309495653
2023-11-23,180.6880757280573
2023-11-24,181.0740203894764
2023-11-27,182.1474442226822
2023-11-28,182.59851019764818
2023-11-29,182.9175631319881
2023-11-30,183.14578936165708
2023-12-01,183.53575088753564
2023-12-04,184.56679805055336
2023-12-05,184.9831585761205
2023-12-06,185.25588881995355
2023-12-07,185.42537597561932
2023-12-08,185.74342780977221
2023-12-11,186.4735959795808
2023-12-12,186.7599528738144
2023-12-13,186.88763037105073
2023-12-14,186.89723981215138
2023-12-15,187.04107085608416
2023-12-18,187.17146969357606
2023-12-19,187.2365911757405
2023-12-20,187.13525765627563
2023-12-21,186.91019013724534
2023-12-22,186.81600951046443
2023-12-25,186.23829484987
2023-12-26,186.07858397794323
2023-12-27,185.76276929344823
2023-12-28,185.33639517980237
2023-12-29,185.05681553252316
2024-01-01,184.60689331549506
2024-01-02,184.53701450080325
2024-01-03,184.33746994105465
2024-01-04,184.05496749597486
2024-01-05,183.94762653295842
2024-01-08,183.6221917035358
2024-01-09,183.649145281921
2024-01-10,183.57208183739112
2024-01-11,183.43584768818639
2024-01-12,183.49629463237147
2024-01-15,183.77523479429578
2024-01-16,184.02641777266905
2024-01-17,184.17891996233243
2024-01-18,184.27371034489653
2024-01-19,184.56267917964686
2024-01-22,185.47257047747001
2024-01-23,185.90310104685483
2024-01-24,186.21351142022002
2024-01-25,186.44157424641344
2024-01-26,186.83630806575945
2024-01-29,187.87554300215268
2024-01-30,188.2810991178193
2024-01-31,188.5309695374575
2024-02-01,188.66277344017337
2024-02-02,188.92589488052155
2024-02-05,189.36953739614742
2024-02-06,189.51590698422382
2024-02-07,189.48054914949788
2024-02-08,189.3042787384585
2024-02-09,189.24003362431023
2024-02-12,188.62567436408708
2024-02-13,188.40840366462243
2024-02-14,188.01139234278358
2024-02-15,187.479991237585
2024-02-16,187.07161784269388
2024-02-19,185.53348991238042
2024-02-20,185.05753973141992
2024-02-21,184.432207806636
2024-02-22,183.70571005737037
2024-02-23,183.13788230368857
2024-02-26,181.35202802977244
2024-02-27,180.87334593470985
2024-02-28,180.28532739142875
2024-02-29,179.6354443283418
2024-03-01,179.18225720724064
2024-03-04,177.94825987869055
2024-03-05,177.7138537735396
2024-03-06,177.39480926626345
2024-03-07,177.03484818765696
2024-03-08,176.88854939652828
2024-03-11,176.63509824584784
2024-03-12,176.7333030442246
2024-03-13,176.74277699550606
2024-03-14,176.7032726867316
2024-03-15,176.86563070641108
2024-03-18,177.43458586515297
2024-03-19,177.76334910188262
2024-03-20,177.9781270926888
2024-03-21,178.11728448669834
2024-03-22,178.43075487926941
2024-03-25,179.28587437694787
2024-03-26,179.65598258737631
2024-03-27,179.88699258315768
2024-03-28,180.01898202181488
2024-03-29,180.30391480462754
2024-04-01,180.96916587771784
2024-04-02,181.25004209364096
2024-04-03,181.38345764922246
2024-04-04,181.41225390452595
2024-04-05,181.5910778425078
2024-04-08,181.9450632096715
2024-04-09,182.13165826410255
2024-04-10,182.1784350251761
2024-04-11,182.12953211237172
2024-04-12,182.24057596843576
2024-04-15,182.45574203130516
2024-04-16,182.61771079690652
2024-04-17,182.6500580124203
2024-04-18,182.59618727668425
2024-04-19,182.71079995803476
2024-04-22,182.97665932446998
2024-04-23,183.16475609777146
2024-04-24,183.22577409374657
2024-04-25,183.20194834171198
2024-04-26,183.34691523033763
2024-04-29,183.69724448387112
2024-04-30,183.90938008488953
2024-05-01,183.99191631895522
2024-05-02,183.9871211451756
2024-05-03,184.14886465621822
2024-05-06,184.54102812749156
2024-05-07,184.76668850137207
2024-05-08,184.86401047574822
2024-05-09,184.87623185540392
2024-05-10,185.0581989596611
2024-05-13,185.53934712847942
2024-05-14,185.80665385014544
2024-05-15,185.9525404419745
2024-05-16,186.02053870342755
2024-05-17,186.26558957097237
2024-05-20,186.97763764378155
2024-05-21,187.3340325101273
2024-05-22,187.57371256629716
2024-05-23,187.7391543295567
2024-05-24,188.0841217226111
2024-05-27,189.0979175128607
2024-05-28,189.55120397293626
2024-05-29,189.8838592673075
2024-05-30,190.13726875445315
2024-05-31,190.56426012900155
2024-06-03,191.7820955399095
2024-06-04,192.2884270224671
2024-06-05,192.66679905281532
2024-06-06,192.95908015720545
2024-06-07,193.41883141141395
2024-06-10,194.70892683571398
2024-06-11,195.23510965561144
2024-06-12,195.63373716350756
2024-06-13,195.9482726524593
2024-06-14,196.43385243815496
2024-06-17,197.83717307298102
2024-06-18,198.41691068688039
2024-06-19,198.8783418207299
2024-06-20,199.26527999731974
2024-06-21,199.83286114666708
2024-06-24,201.53412263512234
2024-06-25,202.22668386219394
2024-06-26,202.8048689385172
2024-06-27,203.31029498713522
2024-06-28,203.99562253062004
2024-07-01,206.01790799089616
2024-07-02,206.7969442619908
2024-07-03,207.44643126436878
2024-07-04,208.00520267731574
2024-07-05,208.72335526919238
2024-07-08,210.70025981152992
2024-07-09,211.41142308749616
2024-07-10,211.96552866516512
2024-07-11,212.40157802492206
2024-07-12,212.97043977711627
2024-07-15,214.35691010183407
2024-07-16,214.8322854420778
2024-07-17,215.13672114436088
2024-07-18,215.31326489723912
2024-07-19,215.61718288585593
2024-07-22,216.22350298777093
2024-07-23,216.45988473396955
2024-07-24,216.5437509730582
2024-07-25,216.52254212261502
2024-07-26,216.65553506131127
2024-07-29,216.94235194389097
2024-07-30,217.1442292183754
2024-07-31,217.2315397589144
2024-08-01,217.25169316948535
2024-08-02,217.46310061128952
2024-08-05,218.18643343075368
2024-08-06,218.58998894887685
2024-08-07,218.89985086270798
2024-08-08,219.15821458775392
2024-08-09,219.61782544117855
2024-08-12,221.08479294244938
2024-08-13,221.71507017981116
2024-08-14,222.23087130767257
2024-08-15,222.66867913201864
2024-08-16,223.27598114126585
2024-08-19,224.9521703905444
2024-08-20,225.563562102106
2024-08-21,226.01298161559353
2024-08-22,226.3364059296773
2024-08-23,226.78178967834356
2024-08-26,227.70610257582814
2024-08-27,227.98907506354468
2024-08-28,228.0786912358251
2024-08-29,228.01648713317093
2024-08-30,228.05652667734932
2024-09-02,227.71318481788956
2024-09-03,227.5795221447105
2024-09-04,227.26697693970473
2024-09-05,226.82367090559603
2024-09-06,226.50984931020346
2024-09-09,225.3216148399205
2024-09-10,224.99273504356628
2024-09-11,224.53320916031075
2024-09-12,223.9928225798827
2024-09-13,223.63254034623236
2024-09-16,222.60177376411497
2024-09-17,222.41756949164983
2024-09-18,222.143387771201
2024-09-19,221.82469694115505
2024-09-20,221.71757198207385
2024-09-23,221.5799437754609
2024-09-24,221.7184286125529
2024-09-25,221.7694684367331
2024-09-26,221.77271915291252
2024-09-27,221.97871569436614
2024-09-30,222.6783909151788
2024-10-01,223.0482755630708
2024-10-02,223.30161412064197
2024-10-03,223.47596663955989
2024-10-04,223.82051103879024
2024-10-07,224.7379702257234
2024-10-08,225.11716351211325
2024-10-09,225.35110623294335
2024-10-10,225.47995778289135
2024-10-11,225.75594868298356
2024-10-14,226.36493713368742
2024-10-15,226.61988903770705
2024-10-16,226.72549092004618
2024-10-17,226.72578810048782
2024-10-18,226.87672599855875
2024-10-21,227.16463943425697
2024-10-22,227.33984959970948
2024-10-23,227.38293907270167
2024-10-24,227.3394217896386
2024-10-25,227.4662382362623
2024-10-28,227.80293740722794
2024-10-29,228.03361769744356
2024-10-30,228.15022425446801
2024-10-31,228.19684620999016
2024-11-01,228.42874364748454
2024-11-04,229.1508797956095
2024-11-05,229.52646667176916
2024-11-06,229.79265890527043
2024-11-07,229.99150170363077
2024-11-08,230.3763244535121
2024-11-11,231.54456058537195
2024-11-12,232.05995563874257
2024-11-13,232.4597078232481
2024-11-14,232.78510613655382
2024-11-15,233.2889312763895
2024-11-18,234.76611976491378
2024-11-19,235.36831813905096
2024-11-20,235.84697594709877
2024-11-21,236.2435956398753
2024-11-22,236.81119104911355
2024-11-25,238.43696962648832
2024-11-26,239.074818197317
2024-11-27,239.58214149182612
2024-11-28,240.00024958495834
2024-11-29,240.58184385302698
2024-12-02,242.19982132909377
2024-12-03,242.81634895351695
2024-12-04,243.2917442626448
2024-12-05,243.66650988469996
2024-12-06,244.1925422374662
2024-12-09,245.56322229351187
2024-12-10,246.06851366129118
2024-12-11,246.41767430589982
2024-12-12,246.65113810664195
2024-12-13,247.0209641757167
2024-12-16,247.83911411831463
2024-12-17,248.13547791656072
2024-12-18,248.26564819286003
2024-12-19,248.27185636381753
2024-12-20,248.4082115636885
2024-12-23,248.51239869956797
2024-12-24,248.57501395990062
2024-12-25,248.47821079934593
2024-12-26,248.2670829481263
2024-12-27,248.1985772570631
2024-12-30,247.7899365351239
2024-12-31,247.7236403251282
2025-01-01,247.52239666942123
2025-01-02,247.2329167632945
2025-01-03,247.11340592473172
2025-01-04,251.163824049901
2025-01-05,251.02554047580293
2025-01-06,246.72240490513428
2025-01-07,246.71891586478
2025-01-08,246.6078513342542
2025-01-09,246.43459848223063
2025-01-10,246.45560631319037
2025-01-11,250.66866619999897
2025-01-12,250.71259416641072
2025-01-13,246.60833612421263
2025-01-14,246.81717696286546
2025-01-15,246.92841744518734
2025-01-16,246.98375506890127
2025-01-17,247.23579183876117
2025-01-18,251.67837300518914
2025-01-19,251.94632966870125
2025-01-20,248.05664546202374
2025-01-21,248.46672720539445
2025-01-22,248.76214249241613
2025-01-23,248.9810593927492
2025-01-24,249.37281028124323
2025-01-25,253.92828296561217
2025-01-26,254.2797111929628
2025-01-27,250.4418840034708
2025-01-28,250.87045316881344
2025-01-29,251.1497011079023
